Time,Sensor1,Sensor2,Sensor3
83138444,5.410895824432373,1.2952631711959839,8.17141056060791
82938409,5.130774021148682,2.0829553604125977,7.936778545379639
82738063,3.950432777404785,1.9847931861877441,8.667010307312012
82538315,4.405331134796143,1.4532804489135742,9.184157371520996
82338208,4.975151062011719,-0.5841852426528931,6.27280855178833
82138200,2.9305028915405273,1.113303780555725,9.117119789123535
81938251,3.6320040225982666,1.6687586307525635,10.134655952453613
81737915,3.581725835800171,0.8978256583213806,7.340622425079346
81538045,3.1244332790374756,1.05105459690094,9.299078941345215
81337904,2.6240451335906982,0.45489832758903503,9.653421401977539
81138028,1.015141487121582,-2.999934673309326,8.851364135742188
80937913,-2.2002713680267334,-4.501099109649658,4.338293552398682
80738040,-5.6910176277160645,-7.728483200073242,5.473145008087158
80538050,-3.3662476539611816,-13.354857444763184,6.586448669433594
80338025,2.3056161403656006,-10.362105369567871,4.072536945343018
80137910,5.125985622406006,-3.399766445159912,5.257667064666748
79938032,4.786009311676025,-9.536105155944824,0.6392518281936646
79737920,1.9967641830444336,-10.196905136108398,0.36152446269989014
79538036,2.2912509441375732,-11.329362869262695,-0.15801730751991272
79338034,0.031124621629714966,-9.430760383605957,-0.07422025501728058
79137919,1.3718775510787964,-8.178592681884766,-0.9696516990661621
78938029,1.3862427473068237,-11.331756591796875,2.248155355453491
78738038,0.849941611289978,-7.843404769897461,4.69024133682251
78538044,0.2585737705230713,-7.615955829620361,3.732560396194458
78338037,0.45489832758903503,-10.735600471496582,2.7437551021575928
78137916,3.8283286094665527,-10.551246643066406,0.2753331959247589
77938024,1.8962076902389526,-12.09311294555664,-0.5147533416748047
77738041,0.8331822156906128,-9.907206535339355,-0.3471592366695404
77537930,0.9193734526634216,-9.014169692993164,1.2210428714752197
77338060,0.2298433631658554,-9.315838813781738,1.7262194156646729
77137916,0.28969839215278625,-11.8225679397583,3.5673606395721436
76938034,0.2777273952960968,-8.456320762634277,6.205770969390869
76738037,1.6376339197158813,-7.0988078117370605,3.6846764087677
76537931,-0.026336219161748886,-10.213664054870605,0.33279404044151306
76338088,-1.314416766166687,-10.596736907958984,-1.5634137392044067
76137922,-1.7310078144073486,-13.144166946411133,-1.37906014919281
75937919,0.3758896589279175,-8.638279914855957,-0.47165772318840027
75738033,5.92325496673584,-10.5344877243042,0.47165772318840027
75537916,3.7469255924224854,-6.854599475860596,3.294421434402466
75338031,1.522712230682373,-6.021417140960693,1.7094600200653076
75137918,3.6128504276275635,-11.022904396057129,3.0190882682800293
74937919,1.9752163887023926,-10.309432983398438,-2.38462495803833
74737938,0.014365210197865963,-9.718064308166504,1.1180921792984009
74537913,0.9457096457481384,-11.238382339477539,1.889025092124939
74337922,3.050212860107422,-9.368511199951172,0.1604115068912506
74137918,1.2114660739898682,-11.437101364135742,0.8667010068893433
73937926,2.6862943172454834,-8.336610794067383,3.4165258407592773
73737942,3.4356794357299805,-9.090784072875977,1.3646949529647827
73538030,-1.400607943534851,-9.880870819091797,2.0590133666992188
73338686,-2.806004285812378,-11.286267280578613,1.8339585065841675
73137919,4.802768707275391,-12.437877655029297,-1.8938134908676147
72937930,3.1244332790374756,-7.50582218170166,1.5969325304031372
72737936,1.6160861253738403,-11.238382339477539,1.4891934394836426
72537980,0.933738648891449,-10.390835762023926,-0.689530074596405
72339095,0.4884171485900879,-9.849745750427246,-0.7110779285430908
72137939,1.2066776752471924,-9.425971984863281,-0.5626373887062073
71937915,0.5506663918495178,-9.926360130310059,-0.14844051003456116
71737923,-0.33518823981285095,-9.229647636413574,-0.304063618183136
71538939,1.1252747774124146,-9.569623947143555,-0.5937620401382446
71337940,2.2194249629974365,-7.503427982330322,0.8331822156906128
71138042,0.5003881454467773,-8.312667846679688,1.4772224426269531
70937930,-1.2641384601593018,-9.385271072387695,3.4524388313293457
70737965,1.7190368175506592,-8.757989883422852,1.2114660739898682
70537923,0.9959878921508789,-9.816226959228516,2.913743495941162
70337935,-2.1332337856292725,-8.954314231872559,2.5019407272338867
70137931,-0.9002198576927185,-9.99100399017334,0.17956513166427612
69937931,-0.05267243832349777,-11.168951034545898,0.4812345504760742
69738048,2.188300371170044,-10.158597946166992,1.5203180313110352
69538139,-1.7525556087493896,-10.500968933105469,2.4684219360351563
69337935,-0.8978256583213806,-9.095572471618652,2.7892448902130127
69137929,-0.031124621629714966,-8.796297073364258,2.6862943172454834
68938031,-0.9385270476341248,-9.327810287475586,3.44765043258667
68737922,0.23942017555236816,-9.710882186889648,2.6144683361053467
68537932,0.545877993106842,-9.603142738342285,2.6886885166168213
68338559,1.1659762859344482,-9.59596061706543,2.43011474609375
68137930,1.5634137392044067,-9.332598686218262,1.680729627609253
67938035,2.3295583724975586,-10.27591323852539,0.8259995579719543
67737931,1.8698714971542358,-9.248801231384277,-0.36152446269989014
67538090,1.721431016921997,-9.780313491821289,-0.30885201692581177
67338056,1.7764976024627686,-10.036493301391602,1.1204863786697388
67138092,1.192312479019165,-9.708487510681152,0.3447650372982025
66938227,0.7398083209991455,-9.780313491821289,0.0694318488240242
66738037,0.5482721924781799,-10.070012092590332,0.27054479718208313
66538030,0.4118026793003082,-8.844181060791016,-0.7134721279144287
66338006,-1.9057846069335938,-8.851364135742188,3.0813376903533936
66138058,1.479616641998291,-8.389283180236816,1.3287819623947144
65938216,1.8076223134994507,-11.195286750793457,-0.10773907601833344
65738221,0.6823474764823914,-10.465055465698242,1.036689281463623
65538210,-0.2944868206977844,-9.959878921508789,0.4357447028160095
65338088,0.22266076505184174,-9.938331604003906,0.5171475410461426
65138060,-0.524330198764801,-9.911994934082031,-0.12210428714752197
64938223,0.4596867263317108,-9.983820915222168,0.8236053586006165
64738225,1.2306196689605713,-9.133879661560059,0.8738836050033569
64538053,0.07422025501728058,-9.279925346374512,1.6639702320098877
64338367,-0.20111294090747833,-8.939949035644531,4.766855716705322
64138223,0.011971008032560349,-8.307879447937012,1.4437036514282227
63938085,2.0829553604125977,-11.571176528930664,2.2002713680267334
63738244,0.2298433631658554,-9.500192642211914,0.9983820915222168
63538220,2.873042106628418,-8.40843677520752,-0.0071826050989329815
63338435,6.742072105407715,-1.6112977266311646,-3.909731388092041
63138076,-2.6886885166168213,-9.160215377807617,4.898536682128906
62938026,0.5674257874488831,-8.918401718139648,-1.558625340461731
62738058,-1.1779472827911377,-10.939107894897461,0.21547815203666687
62538056,-1.0749965906143188,-11.72201156616211,2.698265314102173
62338025,-0.31842881441116333,-10.237606048583984,-0.2992752194404602
62138232,-0.040701430290937424,-6.5050458908081055,-2.1140801906585693
61938210,9.002198219299316,-19.613300323486328,-0.44532153010368347
61737904,3.3854012489318848,-6.258443355560303,2.5330653190612793
61538211,1.1563993692398071,-9.284713745117188,0.22744916379451752
61338291,2.1763293743133545,-9.404424667358398,1.139639973640442
61138215,0.08858546614646912,-10.958261489868164,2.073378562927246
60938212,1.843535304069519,-11.226411819458008,-0.15801730751991272
60738218,2.4468741416931152,-1.764526605606079,-1.0773907899856567
60538208,0.608127236366272,-10.773907661437988,8.609549522399902
60338229,0.3232172429561615,-9.023746490478516,0.524330198764801
60138225,5.614402770996094,-13.704410552978516,2.4181437492370605
59938230,-1.9560627937316895,-10.608707427978516,1.6160861253738403
59738216,0.08619125932455063,-9.241618156433105,0.17238251864910126
59538219,1.2880805730819702,-13.670891761779785,-2.43011474609375
59338212,-2.145204782485962,-9.47146224975586,6.54574728012085
59138242,0.08858546614646912,-5.817910194396973,0.6057330369949341
58938226,1.8794482946395874,-13.050793647766113,-1.2425906658172607
58738215,-1.5275006294250488,-10.704475402832031,0.014365210197865963
58538222,1.2306196689605713,-8.801085472106934,-1.0271124839782715
58338217,-4.479551315307617,-15.828067779541016,-1.0989385843276978
58138220,-2.0661959648132324,-6.538564682006836,5.5976433753967285
57938243,1.7501614093780518,-5.635950565338135,-0.6009446382522583
57738140,-1.259350061416626,-9.96945571899414,-1.8507179021835327
57538243,-3.5697548389434814,-13.316550254821777,-1.3335703611373901
57338211,-0.43335050344467163,-9.84495735168457,-1.8579005002975464
57137932,3.4835634231567383,-6.641515731811523,-2.1930887699127197
56938216,2.7964274883270264,-9.409213066101074,2.8610711097717285
56738249,1.920149803161621,-6.631938934326172,4.618414878845215
56538232,0.014365210197865963,-9.86889934539795,1.8267759084701538
56338226,4.158728122711182,-7.955932140350342,1.7334020137786865
56138222,-0.7805097699165344,-10.278307914733887,2.2457611560821533
55938142,-2.913743495941162,-10.951078414916992,-0.8451532125473022
55738239,3.308786630630493,-4.721365928649902,-4.20421838760376
55538210,-0.8523358106613159,-10.795455932617188,8.578424453735352
55338217,-0.2992752194404602,-8.370129585266113,0.12689268589019775
55137903,10.034099578857422,-16.922218322753906,1.3072341680526733
54938218,-0.8403648138046265,-10.27591323852539,0.2992752194404602
54738159,0.7541735172271729,-9.282320022583008,-1.1779472827911377
54538215,-0.1364694982767105,-13.673285484313965,2.209848165512085
54338226,0.5219359993934631,-7.261613845825195,5.621585369110107
54138218,2.5067291259765625,-5.75326681137085,0.4141969084739685
53938217,-2.3319525718688965,-9.3828763961792,0.629675030708313
53738226,-2.099714994430542,-14.544775009155273,-1.1659762859344482
53538213,1.5634137392044067,-10.223240852355957,-0.7134721279144287
53338210,3.0813376903533936,-9.339780807495117,3.043030261993408
53138235,-0.3878606855869293,-15.830461502075195,8.884882926940918
52938214,2.5474305152893066,-6.378153324127197,2.9903578758239746
52738134,0.31364041566848755,-10.122684478759766,0.17477671802043915
52538214,-2.5091233253479004,-11.022904396057129,-0.2777273952960968
52338221,0.4357447028160095,-9.550470352172852,2.008735179901123
52138226,-2.274491548538208,-11.065999984741211,-0.7158663272857666
51938215,3.1220390796661377,-3.5697548389434814,-6.682217121124268
51738215,-3.0142998695373535,-11.070788383483887,9.622296333312988
51538212,1.094150185585022,-7.175422668457031,-0.8930372595787048
51337916,6.509834289550781,-15.440206527709961,-0.35673606395721436
51137904,0.1388636976480484,-9.555258750915527,-0.7254431247711182
50938217,1.5873557329177856,-9.452308654785156,1.3287819623947144
50738221,-1.292868971824646,-12.502521514892578,-4.721365928649902
50538205,0.7876923680305481,-9.14345645904541,6.588842868804932
50338212,1.1468225717544556,-6.382941722869873,-0.22266076505184174
50137915,-1.7764976024627686,-11.91354751586914,-0.9983820915222168
49938218,-0.5099649429321289,-14.200010299682617,0.8978256583213806
49738213,-0.6823474764823914,-9.835380554199219,-1.2210428714752197
49537903,-0.689530074596405,-7.872135162353516,-0.031124621629714966
49338208,4.395754337310791,-19.613300323486328,3.552995204925537
49137958,2.7485435009002686,-5.123591423034668,1.4939818382263184
48938218,1.3000515699386597,-10.465055465698242,-1.113303780555725
48738211,1.577778935432434,-9.916783332824707,1.292868971824646
48538213,-0.26575639843940735,-10.14902114868164,-0.20350714027881622
48338155,-2.6671407222747803,-10.821791648864746,-1.2306196689605713
48137918,-0.5506663918495178,-5.236119270324707,-5.051765441894531
47937903,-3.383007049560547,-13.146561622619629,10.38844108581543
47738214,-0.17717093229293823,-7.003039836883545,-0.3998316824436188
47538216,7.69735860824585,-16.915035247802734,-0.9481038451194763
47337966,-0.6368576288223267,-11.05642318725586,0.849941611289978
47138212,-2.0590133666992188,-9.301473617553711,-0.22505496442317963
46938592,2.492363929748535,-7.905653953552246,-7.433996200561523
46738216,-1.3694833517074585,-10.869675636291504,8.377311706542969
46538219,1.0773907899856567,-5.4013190269470215,-0.3974374830722809
46338214,5.157110691070557,-14.460978507995605,-0.5961562395095825
46137994,-3.2776620388031006,-10.366893768310547,-0.8619126081466675
45938219,1.1468225717544556,-9.313444137573242,1.3479355573654175
45738213,-2.631227731704712,-14.06114673614502,0.5434837937355042
45538213,-1.534683346748352,-9.205705642700195,6.028599739074707
45337916,2.1092917919158936,-5.9519853591918945,0.20111294090747833
45138032,4.95120906829834,-11.075576782226563,-0.5267243981361389
44938033,-0.33039984107017517,-10.800244331359863,0.47884035110473633
44738225,-0.30885201692581177,-9.9000244140625,-0.5650315880775452
44537923,4.367023944854736,-6.356605529785156,-0.12210428714752197
44337919,3.8546648025512695,-7.242460250854492,-1.558625340461731
44137922,0.7948749661445618,-4.484339714050293,3.335123062133789
43938032,0.8212111592292786,-10.24239444732666,1.9800047874450684
43737922,1.7334020137786865,-9.610325813293457,0.5985504388809204
43537921,-0.9744400978088379,-10.192116737365723,1.1061211824417114
43338072,5.676652431488037,-6.931213855743408,-0.1628057211637497
43137919,2.2409727573394775,-4.917690277099609,-1.6927006244659424
42938062,-0.6177040338516235,-10.472238540649414,8.283937454223633
42738060,-0.35913026332855225,-8.523358345031738,0.0071826050989329815
42537924,7.711723804473877,-14.844050407409668,2.427720546722412
42338044,-1.659181833267212,-11.714828491210938,1.678335428237915
42138055,-4.98472785949707,-11.54244613647461,-0.586579442024231
41937974,4.910507678985596,-4.082113742828369,-5.116408824920654
41738045,-1.2976573705673218,-10.90798282623291,10.235212326049805
41537921,-0.4405331015586853,-8.671798706054688,-0.5027823448181152
41338039,6.914454460144043,-16.63970184326172,2.3511061668395996
41138075,-1.0438719987869263,-10.500968933105469,3.045424461364746
40937917,-0.8882488012313843,-11.544840812683105,-1.9823989868164063
40738061,1.7573440074920654,-1.886630892753601,-3.44765043258667
40538030,2.6575639247894287,-8.834604263305664,8.470685958862305
40338039,-0.37828385829925537,-9.50737476348877,0.8068459630012512
40138055,8.640673637390137,-12.751518249511719,5.3797712326049805
39938039,0.2298433631658554,-11.12346076965332,3.138798475265503
39737931,-1.6424223184585571,-11.70046329498291,-0.8164227604866028
39537906,1.292868971824646,-5.339069843292236,-4.508281707763672
39338073,-1.0606313943862915,-12.09550666809082,11.906365394592285
39137926,-0.16998831927776337,-8.62630844116211,0.4189853072166443
38937926,6.983886241912842,-15.8903169631958,0.8259995579719543
38738039,-1.1013327836990356,-12.200851440429688,0.5913678407669067
38538038,-2.1308395862579346,-9.96945571899414,0.6416460275650024
38338029,-3.0166940689086914,-14.405911445617676,-6.016628742218018
38138038,-0.31603461503982544,-11.729193687438965,10.960655212402344
37938044,-0.6320692300796509,-8.700529098510742,-0.6200982332229614
37737921,5.4444146156311035,-14.683638572692871,1.3623007535934448
37538053,-1.9273324012756348,-10.077195167541504,3.2585084438323975
37337915,1.6089035272598267,-11.441889762878418,0.9026140570640564
37138034,1.7286136150360107,-1.5825673341751099,-4.182670593261719
36937923,0.1173158809542656,-9.342175483703613,7.778761386871338
36738051,-2.1475989818573,-9.739612579345703,0.15083470940589905
36538039,6.600813865661621,-16.34282112121582,2.492363929748535
36338042,-1.3694833517074585,-11.370063781738281,4.2329487800598145
36138041,1.525106430053711,-10.012551307678223,0.31842881441116333
35938041,0.7158663272857666,-3.6822822093963623,-4.168305397033691
35738034,2.7222073078155518,-10.45547866821289,10.632649421691895
35538063,2.032677173614502,-10.077195167541504,0.6727706789970398
35338045,-1.9919757843017578,-9.478644371032715,0.31603461503982544
35138056,-1.8818424940109253,-9.837775230407715,1.6496049165725708
34938050,3.6798880100250244,-8.33182144165039,-0.9433154463768005
34738054,3.734954595565796,1.0462661981582642,-8.360552787780762
34538066,2.5474305152893066,-3.4763808250427246,3.421314239501953
34338034,0.790086567401886,-10.687716484069824,-1.2114660739898682
34138027,-5.875370979309082,-10.340557098388672,-2.250549554824829
33938042,-2.2864625453948975,-10.378864288330078,1.1755530834197998
33738040,-1.6065093278884888,-9.5624418258667,-0.9864110946655273
33538053,-0.6727706789970398,-12.430695533752441,-3.646369218826294
33338078,-1.6711528301239014,-9.684545516967773,8.549694061279297
33138061,0.16998831927776337,-8.5903959274292,-0.3256114423274994
32938035,8.992621421813965,-15.935806274414063,-0.24660277366638184
32738034,0.5051765441894531,-10.577583312988281,0.09576806426048279
32538054,1.0821791887283325,-9.883264541625977,-0.730231523513794
32338037,-4.46518611907959,-13.917494773864746,-1.7980455160140991
32138066,0.871489405632019,-7.814674377441406,6.042964935302734
31938223,0.7852981686592102,-6.009446144104004,-0.014365210197865963
31737903,0.2059013396501541,-11.508927345275879,-1.4963760375976563
31538059,0.22266076505184174,-13.4290771484375,2.3127987384796143
31338039,0.4572925269603729,-9.119514465332031,-1.460463047027588
31138026,2.9161376953125,-7.3693528175354,-0.5530605912208557
30937905,5.8873419761657715,-6.224924564361572,-1.0103530883789063
30738235,0.569819986820221,-4.81473970413208,2.408566951751709
30538215,-1.9943699836730957,-10.515334129333496,0.7948749661445618
30337915,1.9129672050476074,-9.131484985351563,3.378218650817871
30137921,-0.10773907601833344,-9.725247383117676,-1.039083480834961
29938219,0.8379706144332886,-9.339780807495117,0.751779317855835
29738225,4.455609321594238,-4.580107688903809,0.4141969084739685
29538215,0.4213795065879822,-5.30076265335083,6.04775333404541
29337908,1.115697979927063,-10.809821128845215,2.449268341064453
29138252,2.889801502227783,-6.347028732299805,1.2521674633026123
28938220,-0.5913678407669067,-10.54406452178955,1.8938134908676147
28738228,-1.9704279899597168,-10.24000072479248,0.05506663769483566
28538216,2.049436569213867,-8.595184326171875,-2.7222073078155518
28337923,0.18914192914962769,-7.187393665313721,8.219294548034668
28137923,-0.2849099934101105,-8.324639320373535,0.950498104095459
27938211,7.687781810760498,-15.186421394348145,-0.2106897532939911
27738214,-0.9385270476341248,-11.39161205291748,0.15083470940589905
27538222,2.0446481704711914,-9.153033256530762,-0.20350714027881622
27338141,-3.667917013168335,-11.532869338989258,1.8579005002975464
27138244,9.404424667358398,-19.613300323486328,0.730231523513794
26938232,0.8547300100326538,-5.200206279754639,2.1571757793426514
26738222,1.3623007535934448,-10.675745010375977,1.8195933103561401
26538228,2.140416383743286,-8.219294548034668,1.2473790645599365
26338208,-0.004788403399288654,-10.469843864440918,1.3000515699386597
26138207,-0.9768342971801758,-10.065223693847656,-0.6847416758537292
25938212,2.937685489654541,-5.449203014373779,-2.9879636764526367
25738239,-3.2632968425750732,-9.117119789123535,6.7492547035217285
25538208,2.3127987384796143,-7.951143741607666,1.4676456451416016
25337904,-2.2601263523101807,-9.461885452270508,1.6711528301239014
25138210,-0.8140285611152649,-13.043610572814941,0.4572925269603729
24938210,0.05506663769483566,-10.469843864440918,0.40462008118629456
24737904,4.197035789489746,-8.279149055480957,1.3694833517074585
24538217,-0.8164227604866028,-8.995016098022461,-2.1092917919158936
24338212,2.892195701599121,-4.027047157287598,0.35913026332855225
24137904,4.4723687171936035,-11.075576782226563,-0.3447650372982025
23938052,3.162740468978882,-12.710816383361816,1.6376339197158813
23738243,-0.7158663272857666,-9.39245319366455,0.23942017555236816
23538140,-1.5083470344543457,-9.971850395202637,-0.5219359993934631
23337910,-5.899312973022461,-13.412318229675293,3.4117374420166016
23138211,6.246472358703613,-18.758569717407227,3.5027170181274414
22938222,2.7509377002716064,-7.180211067199707,3.4596214294433594
22738210,1.5753847360610962,-8.98543930053711,1.580173134803772
22538215,2.3750481605529785,-11.1474027633667,3.5242648124694824
22338226,-1.7142484188079834,-9.653421401977539,1.0199298858642578
22138213,2.7269957065582275,-8.305485725402832,-0.004788403399288654
21938209,-0.2777273952960968,-19.613300323486328,6.339846134185791
21738223,3.466804027557373,-6.72531270980835,3.248931646347046
21538227,2.248155355453491,-10.345345497131348,-0.7398083209991455
21338215,-5.880159378051758,-11.264719009399414,1.4772224426269531
21138218,-0.8667010068893433,-8.80587387084961,-1.1324573755264282
20938209,2.782062292098999,-10.180145263671875,0.31842881441116333
20738104,3.624821424484253,-0.26815059781074524,-2.580949544906616
20538221,1.5849615335464478,-7.47230339050293,4.10366153717041
20338211,0.8403648138046265,-9.959878921508789,0.8164227604866028
20138229,-0.06703764945268631,-8.786720275878906,0.6224924325942993
19938206,0.569819986820221,-9.746794700622559,1.4700398445129395
19738232,1.8579005002975464,-10.915165901184082,0.1628057211637497
19538223,6.2201361656188965,-3.442862033843994,-0.5746083855628967
19338015,-0.33997663855552673,-10.41956615447998,8.956708908081055
19138224,-0.19393034279346466,-8.949525833129883,0.7924807667732239
18938220,8.485051155090332,-15.021221160888672,2.5761611461639404
18738133,-0.7493851184844971,-9.854534149169922,1.7142484188079834
18538182,-1.6543933153152466,-10.409989356994629,-0.4572925269603729
18338059,3.485957622528076,-6.210559368133545,-3.9240965843200684
18137921,-2.3750481605529785,-10.11789608001709,6.98628044128418
17938237,0.38546648621559143,-7.275979042053223,0.2992752194404602
17735910,2.540247917175293,-12.109871864318848,-0.7805097699165344
17715871,6.418854713439941,-14.369998931884766,-0.05746084079146385
17695872,7.771578788757324,-16.852785110473633,0.6775590777397156
17675714,6.950367450714111,-14.733917236328125,2.849100112915039
17655599,5.03021764755249,-8.415618896484375,3.0789434909820557
17635609,0.6512228846549988,-8.125920295715332,0.3663128614425659
17615721,-2.6839001178741455,-10.383652687072754,-0.1412578970193863
17595587,-3.971980571746826,-11.889605522155762,0.395043283700943
17575866,-2.3750481605529785,-15.040374755859375,-1.623268723487854
17555627,-0.6703764796257019,-13.929465293884277,1.3886369466781616
17535881,-0.828393816947937,-10.72841739654541,0.36152446269989014
17515885,-0.9720458984375,-10.795455932617188,-0.07422025501728058
17495593,-0.30885201692581177,-11.173739433288574,1.2018892765045166
17475868,-0.9074024558067322,-10.249577522277832,2.190694570541382
17455650,-1.2066776752471924,-9.679757118225098,2.5761611461639404
17435716,0.002394201699644327,-9.95748519897461,1.4700398445129395
17415638,0.181959331035614,-8.96389102935791,-0.12689268589019775
17395631,-0.30885201692581177,-8.762778282165527,-1.7118542194366455
17375791,0.0694318488240242,-8.899248123168945,-2.1284453868865967
17355581,1.4101848602294922,-8.848969459533691,0.08140286058187485
17335581,2.626439332962036,-9.615114212036133,0.26815059781074524
17315870,2.7724854946136475,-10.02691650390625,0.6200982332229614
17295871,1.0414776802062988,-9.998186111450195,1.482010841369629
17275871,-1.6950948238372803,-9.959878921508789,0.10055647045373917
17255884,-0.8571242094039917,-11.30063247680664,-1.6974890232086182
17235583,1.9776105880737305,-10.647014617919922,-3.179499864578247
17215792,2.6455929279327393,-8.29830265045166,-1.7908629179000854
17195585,2.2840683460235596,-7.127538681030273,-1.821987509727478
17175788,-0.11971008777618408,-7.4555439949035645,-0.45250412821769714
17155867,-3.665522813796997,-9.916783332824707,1.5490485429763794
17135868,-6.88332986831665,-17.640478134155273,3.529053211212158
17115797,-4.505887508392334,-19.06742286682129,-1.5466543436050415
17095874,3.380612850189209,-12.121843338012695,-4.843470096588135
17075887,4.896142482757568,-5.12119722366333,-5.027823448181152
17055878,6.950367450714111,-2.2385785579681396,-2.892195701599121
17035701,7.216124057769775,-0.8451532125473022,-1.1444283723831177
17015685,3.957615375518799,-3.406949043273926,-6.1267619132995605
16995650,-0.040701430290937424,-17.298107147216797,5.135562419891357
16975880,-0.9097966551780701,-19.613300323486328,4.321534156799316
16955781,-0.011971008032560349,-9.591172218322754,4.438849925994873
16935874,-2.7269957065582275,-5.8873419761657715,3.205836057662964
16915869,-3.2393548488616943,-7.663839817047119,4.146757125854492
16895897,-3.6152446269989014,-9.370905876159668,6.023811340332031
16875873,-2.9903578758239746,-10.251971244812012,8.513781547546387
16855593,-2.1954829692840576,-11.647790908813477,8.71728801727295
16835591,0.8595184087753296,-11.355698585510254,7.115567684173584
16815596,3.864241600036621,-7.132327079772949,3.4787750244140625
16795683,3.28963303565979,-5.925649166107178,1.5753847360610962
16775873,2.6144683361053467,-5.767632007598877,0.8307880163192749
16755872,1.290474772453308,-6.050147533416748,-0.17238251864910126
16735872,0.8140285611152649,-7.280767440795898,-0.16759411990642548
16715868,0.7637503147125244,-7.661445617675781,-0.13407529890537262
16695880,0.8188169598579407,-7.65186882019043,-0.4812345504760742
16675873,0.8810662031173706,-8.018181800842285,-0.5554547905921936
16655884,0.8906430602073669,-8.470685958862305,-0.11013327538967133
16635714,0.6177040338516235,-9.023746490478516,-0.07422025501728058
16615697,0.5626373887062073,-9.411606788635254,-0.950498104095459
16595585,0.026336219161748886,-9.514557838439941,-0.3711012601852417
16575901,-2.1356279850006104,-10.338163375854492,0.5985504388809204
16555742,-5.4875102043151855,-11.192893028259277,-3.205836057662964
16535887,-1.01753568649292,-11.81059741973877,-1.0462661981582642
16515893,0.33997663855552673,-10.690110206604004,-0.08140286058187485
16495600,6.586448669433594,-13.570335388183594,-0.6177040338516235
16475895,10.927136421203613,-16.59421157836914,-0.2346317619085312
16455654,9.768342971801758,-14.810531616210938,3.0526070594787598
16435597,4.256890773773193,-9.605537414550781,1.314416766166687
16415591,-1.1348515748977661,-10.165780067443848,-0.9648633003234863
16395579,-4.311957359313965,-11.839327812194824,-0.7852981686592102
16375762,-4.790797710418701,-13.35964584350586,0.014365210197865963
16355875,-2.8107926845550537,-15.306131362915039,-1.0749965906143188
16336931,-0.7924807667732239,-12.78503704071045,2.0685901641845703
16315872,0.3734954595565796,-11.240777015686035,0.6871358752250671
16295691,-0.730231523513794,-10.970232009887695,0.28730419278144836
16275872,-2.341529369354248,-10.311826705932617,0.3016694188117981
16255868,-2.4133553504943848,-10.577583312988281,1.3503297567367554
16235586,-1.436521053314209,-9.96945571899414,2.738966703414917
16215703,0.9409212470054626,-10.237606048583984,1.8962076902389526
16195572,1.6208745241165161,-10.273519515991211,0.4668693244457245
16175895,0.6272808313369751,-10.070012092590332,-0.7613561153411865
16155868,0.15562310814857483,-9.765948295593262,-1.821987509727478
16135869,0.4908113479614258,-9.275136947631836,-0.8762778043746948
16116571,1.764526605606079,-9.038111686706543,1.158793568611145
16095575,1.7525556087493896,-8.987833023071289,0.933738648891449
16075884,-0.2753331959247589,-9.6989107131958,0.8331822156906128
16055884,-3.6774938106536865,-10.441113471984863,0.1843535304069519
16035708,-3.445256233215332,-11.001357078552246,-1.2832920551300049
16015593,1.2306196689605713,-9.260771751403809,-0.7086837291717529
15996226,3.4356794357299805,-7.156269073486328,-0.3974374830722809
15975622,1.7310078144073486,-6.720524311065674,-1.05105459690094
15955873,-1.036689281463623,-7.038952827453613,-1.8531121015548706
15935836,-3.265691041946411,-10.649409294128418,0.5913678407669067
15915757,-5.827486991882324,-16.28057098388672,2.3726539611816406
15895574,-2.2649147510528564,-16.021997451782227,0.026336219161748886
15875898,0.9744400978088379,-9.821015357971191,-3.44765043258667
15855751,3.9671921730041504,-7.189787864685059,-5.959167957305908
15835585,3.2824504375457764,-5.188235282897949,-5.298368453979492
15816283,2.9281086921691895,-3.4811692237854004,-2.9975404739379883
15798942,3.287238836288452,-5.9974751472473145,-1.7381904125213623
15775574,2.9879636764526367,-10.821791648864746,0.6943184733390808
15755876,6.232107162475586,-19.613300323486328,3.5936968326568604
15735866,7.8745293617248535,-19.613300323486328,1.194706678390503
15715903,0.3902548849582672,-6.72531270980835,3.8355112075805664
15695884,-1.3239935636520386,-6.754043102264404,6.222530364990234
15675876,-1.8579005002975464,-8.29830265045166,6.117185115814209
15655887,-2.959233283996582,-10.45547866821289,7.6566572189331055
15635720,-4.055777549743652,-13.285425186157227,10.271124839782715
15615585,-1.1276689767837524,-11.832144737243652,11.417947769165039
15595569,1.4891934394836426,-9.241618156433105,7.3238630294799805
15575790,2.03507137298584,-6.744466304779053,3.6727054119110107
15555584,1.8171991109848022,-5.635950565338135,2.3989901542663574
15535870,1.0582371950149536,-5.394136428833008,1.5466543436050415
15515868,0.5410895943641663,-5.48272180557251,0.9265560507774353
15495876,0.19632454216480255,-5.801150798797607,0.6655880808830261
15475586,0.586579442024231,-6.052541732788086,0.22505496442317963
15455583,1.158793568611145,-6.141127586364746,-0.06224924325942993
15435586,0.9241618514060974,-6.423643112182617,-0.9074024558067322
15415699,0.33279404044151306,-6.756437301635742,-0.7876923680305481
15395689,0.45489832758903503,-7.632715225219727,-0.22266076505184174
15375569,0.6009446382522583,-8.53293514251709,0.849941611289978
15355734,0.5195417404174805,-9.366117477416992,-0.9600749015808105
15335571,-0.40940847992897034,-10.010157585144043,0.5123591423034668
15315565,-2.43011474609375,-10.11550235748291,1.3958195447921753
15295728,-2.75812029838562,-10.565611839294434,-2.6791117191314697
15275770,0.9888052940368652,-12.030863761901855,-0.5817909836769104
15255875,3.8139634132385254,-12.753912925720215,0.6751648783683777
15235587,7.8960771560668945,-15.239093780517578,0.14604631066322327
15215692,11.341333389282227,-18.035520553588867,0.4572925269603729
15195585,8.47547435760498,-16.244659423828125,2.518700122833252
15175869,1.6184803247451782,-11.159374237060547,0.5650315880775452
15155824,-4.929661273956299,-9.703699111938477,-0.9576807022094727
15135874,-4.422090530395508,-10.742782592773438,0.090979665517807
15115571,-2.03507137298584,-14.877569198608398,-0.31364041566848755
15095812,-0.033518824726343155,-14.03720474243164,3.354276657104492
15075575,0.040701430290937424,-10.912771224975586,0.7733271718025208
15055878,-1.6615760326385498,-10.644620895385742,-0.6512228846549988
15035825,-1.3311761617660522,-10.927136421203613,1.5514427423477173
15015583,-0.3998316824436188,-9.945513725280762,2.8826189041137695
14996010,-0.3519476354122162,-9.744400978088379,2.2409727573394775
14976016,0.1173158809542656,-10.994174003601074,1.0319008827209473
14955934,0.22026655077934265,-10.532093048095703,-0.002394201699644327
14935753,-0.4429273009300232,-9.272743225097656,-0.26575639843940735
14915895,-0.9097966551780701,-8.880094528198242,-0.608127236366272
14897129,0.038307227194309235,-9.21288776397705,-1.0271124839782715
14875900,0.9576807022094727,-8.765172004699707,-1.5322890281677246
14855713,0.10295066982507706,-9.042900085449219,0.0454898327589035
14835588,-1.5442601442337036,-9.919178009033203,0.1604115068912506
14815576,-1.316810965538025,-11.042057991027832,0.26336219906806946
14797781,3.6152446269989014,-9.947908401489258,-0.7996633648872375
14775675,5.279214859008789,-7.094019412994385,-1.8148049116134644
14755875,3.9384617805480957,-6.208165168762207,-1.0007762908935547
14735891,0.38307225704193115,-7.264008045196533,-0.5554547905921936
14715869,-3.3016040325164795,-9.332598686218262,1.2330138683319092
14695878,-8.561665534973145,-15.49527359008789,3.1531636714935303
14675877,-6.782773494720459,-18.5861873626709,-0.7326257228851318
14655937,-0.7110779285430908,-12.931083679199219,-4.764461517333984
14635596,3.974374771118164,-8.192957878112793,-6.708553314208984
14615579,5.57370138168335,-4.031835556030273,-4.479551315307617
14595584,6.133944988250732,-1.5275006294250488,-0.4429273009300232
14575795,3.4763808250427246,-4.259284973144531,-4.541800498962402
14555628,2.1715409755706787,-14.046781539916992,4.841075897216797
14535870,6.768408298492432,-19.613300323486328,0.181959331035614
14515898,3.5410242080688477,-10.44350814819336,4.843470096588135
14495869,-1.1827356815338135,-5.825092792510986,4.697423934936523
14475878,-0.646434485912323,-7.453149795532227,6.0621185302734375
14455582,-1.3072341680526733,-10.15141487121582,7.888894557952881
14435588,-3.222595453262329,-13.204022407531738,9.586383819580078
14415584,-1.4652514457702637,-11.75553035736084,10.639832496643066
14395684,0.9433154463768005,-7.603984832763672,8.058882713317871
14375878,1.359906554222107,-5.092466831207275,4.565742492675781
14355875,1.1444283723831177,-4.060565948486328,1.941697597503662
14336098,0.2849099934101105,-3.9456443786621094,0.12449848651885986
14175303,2.5905263423919678,-9.943120002746582,0.6823474764823914
13975522,-4.446032524108887,-9.749189376831055,0.31842881441116333
13773361,-1.886630892753601,-9.378087997436523,-1.4748282432556152
13753390,-1.6639702320098877,-8.578424453735352,-2.454056739807129
13733175,-0.4165911078453064,-7.723694801330566,-1.889025092124939
13713373,1.015141487121582,-8.226476669311523,-1.4772224426269531
13693165,1.9608511924743652,-8.53293514251709,0.6129156351089478
13673367,1.4484920501708984,-8.470685958862305,1.2425906658172607
13653358,-0.5219359993934631,-9.210494041442871,0.8020575642585754
13633283,-2.7676970958709717,-10.33098030090332,-1.2330138683319092
13613184,-1.601720929145813,-11.57357120513916,-2.140416383743286
13593180,0.871489405632019,-9.634267807006836,-1.8818424940109253
13579113,1.5729905366897583,-8.56645393371582,-1.9632453918457031
13553362,0.9313444495201111,-7.8960771560668945,-1.048660397529602
13533358,-0.9193734526634216,-9.119514465332031,-0.706289529800415
13513365,-3.066972494125366,-12.24394702911377,1.7262194156646729
13493363,-3.021482467651367,-18.6053409576416,4.3406877517700195
13473363,-0.9744400978088379,-16.27338981628418,-1.113303780555725
13453135,2.4803929328918457,-10.232817649841309,-6.016628742218018
13433076,2.4205379486083984,-4.989516258239746,-5.485116004943848
13413063,3.7038300037384033,-2.1523873805999756,-2.188300371170044
13393061,2.6384103298187256,-2.8203697204589844,-5.049371242523193
13373056,1.98958158493042,-11.769895553588867,1.7094600200653076
13353055,3.3925838470458984,-19.613300323486328,3.5003228187561035
13333713,2.851494312286377,-14.472949028015137,3.84269380569458
13313252,-1.455674648284912,-6.598419666290283,4.173093795776367
13293229,-1.0893617868423462,-7.623138427734375,5.57370138168335
13273447,-0.871489405632019,-9.904812812805176,8.183381080627441
13253247,-1.3407529592514038,-12.521675109863281,10.113107681274414
13233066,-0.6536170840263367,-12.306197166442871,9.952696800231934
13213089,1.6711528301239014,-8.89685344696045,8.032546997070313
13193073,2.9664158821105957,-6.004657745361328,5.116408824920654
13174089,2.782062292098999,-4.7405195236206055,2.518700122833252
13153195,1.8938134908676147,-4.800374507904053,1.5275006294250488
13133064,1.3048399686813354,-5.260061264038086,0.5578489899635315
13113059,0.8212111592292786,-5.808333396911621,-0.2968810200691223
13093055,0.3734954595565796,-6.143521785736084,-0.5315127968788147
13073056,0.49559974670410156,-6.5050458908081055,-1.2521674633026123
13053078,0.2537853717803955,-7.196970462799072,-1.3048399686813354
13033064,0.507570743560791,-8.226476669311523,-0.4620809257030487
13013059,-0.15801730751991272,-9.129091262817383,0.5578489899635315
12993205,0.26096799969673157,-9.033323287963867,2.0374655723571777
12973073,-0.002394201699644327,-9.593565940856934,0.8906430602073669
12953072,-0.8858546018600464,-10.407594680786133,0.8523358106613159
12933091,-2.0254945755004883,-11.075576782226563,-2.2697031497955322
12914750,-0.3016694188117981,-12.375628471374512,-1.6903064250946045
12893098,1.800439715385437,-12.49055004119873,0.2082955539226532
12873059,6.600813865661621,-14.774619102478027,0.7469909191131592
12853192,11.686098098754883,-18.543092727661133,0.014365210197865963
12833121,9.533711433410645,-17.264589309692383,2.3582887649536133
12813071,2.80361008644104,-11.51850414276123,-0.5554547905921936
12793089,-2.7988216876983643,-8.549694061279297,-1.0007762908935547
12773077,-5.485116004943848,-9.581595420837402,0.4429273009300232
12754819,-4.786009311676025,-12.136208534240723,0.33039984107017517
12733248,-2.2888567447662354,-13.469779014587402,2.3367409706115723
12713055,-0.6560112833976746,-11.298237800598145,3.162740468978882
12693100,-0.10295066982507706,-10.83855152130127,1.5179238319396973
12673218,-0.33039984107017517,-11.02051067352295,0.31364041566848755
12658991,-1.4484920501708984,-11.001357078552246,-0.7206547260284424
12633062,-1.4915876388549805,-11.334151268005371,-0.42616790533065796
12613080,-1.0055646896362305,-11.401188850402832,1.139639973640442
12593075,-0.21787235140800476,-10.690110206604004,1.434126853942871
12578922,1.1037269830703735,-10.077195167541504,1.1468225717544556
12553118,0.5123591423034668,-8.604761123657227,-0.4118026793003082
12533054,-0.09816227108240128,-8.336610794067383,-1.0630255937576294
12513062,-0.22026655077934265,-8.75080680847168,-0.5793967843055725
12493092,0.0454898327589035,-8.51138687133789,-0.33518823981285095
12473254,0.23702596127986908,-8.719682693481445,-1.8579005002975464
12453165,-0.016759412363171577,-8.820239067077637,-0.6033388376235962
12433198,-0.2777273952960968,-8.992621421813965,0.7948749661445618
12413056,-1.1324573755264282,-10.098742485046387,0.3519476354122162
12393195,0.08140286058187485,-11.6430025100708,-0.7254431247711182
12373062,3.4524388313293457,-9.799467086791992,-1.0821791887283325
12353062,3.1866824626922607,-6.687005519866943,-3.4404678344726563
12333062,1.335964560508728,-5.822698593139648,-4.412513732910156
12313304,-1.0678139925003052,-7.795520782470703,-1.072602391242981
12293091,-6.294356346130371,-12.342109680175781,3.8379054069519043
12273086,-7.232883453369141,-19.457677841186523,2.80361008644104
12253450,-3.3039982318878174,-16.65406608581543,-2.5043349266052246
12233068,4.716577529907227,-7.5968017578125,-6.052541732788086
12213053,6.938396453857422,-4.182670593261719,-4.93923807144165
12193084,6.133944988250732,-1.7046716213226318,-0.5171475410461426
12173085,3.4572272300720215,-3.3446998596191406,-5.070919036865234
12153198,0.42616790533065796,-12.97657299041748,3.641580820083618
12133073,4.010287761688232,-19.613300323486328,1.1563993692398071
12113525,3.4835634231567383,-13.005303382873535,4.307168960571289
12093112,-1.0462661981582642,-5.343858242034912,3.861847400665283
12073092,-0.7110779285430908,-6.5912370681762695,4.537012100219727
12058761,-1.3215993642807007,-7.845798969268799,4.972756862640381
12033073,-2.7437551021575928,-12.409147262573242,10.036493301391602
12013281,-2.5785553455352783,-14.5591402053833,12.02846908569336
11993068,0.7924807667732239,-10.491392135620117,9.20091724395752
11973062,1.1540051698684692,-6.042964935302734,5.137956619262695
11953420,1.1803414821624756,-4.177882194519043,2.1116859912872314
11933361,0.5889736413955688,-3.7181951999664307,0.3758896589279175
11913671,0.8643068075180054,-4.170699596405029,-0.47405192255973816
11893252,2.0661959648132324,-4.7836151123046875,-0.8930372595787048
11873442,2.6575639247894287,-5.609614372253418,-0.9648633003234863
11853263,1.9584569931030273,-6.342240333557129,-1.3192051649093628
11833425,0.3902548849582672,-7.173028469085693,-0.849941611289978
11813087,-0.07661445438861847,-8.097189903259277,-0.6727706789970398
11793108,1.4915876388549805,-8.724471092224121,-0.14365209639072418
11773375,1.824381709098816,-9.636661529541016,-0.19393034279346466
11753389,0.5363011956214905,-11.192893028259277,-1.702277421951294
11733360,-3.8738183975219727,-11.537657737731934,0.3495534360408783
11713299,-4.213795185089111,-11.587936401367188,0.004788403399288654
11693202,0.9888052940368652,-11.870451927185059,-0.8307880163192749
11673373,4.726154327392578,-13.82172679901123,0.5602431893348694
11653383,9.241618156433105,-15.535974502563477,-2.190694570541382
11633365,14.618995666503906,-18.9644718170166,1.4676456451416016
11613202,10.280701637268066,-17.12333106994629,2.2649147510528564
11593072,-0.8236053586006165,-11.39400577545166,-0.49320554733276367
11578953,-5.195417881011963,-9.473855972290039,-2.2816741466522217
11553355,-5.717353820800781,-12.253523826599121,-1.4772224426269531
11533362,-2.849100112915039,-14.654908180236816,1.8722656965255737
11513361,-1.558625340461731,-11.104307174682617,3.8570590019226074
11493356,-1.764526605606079,-10.302249908447266,1.4915876388549805
11473139,-1.4317326545715332,-11.025299072265625,-0.011971008032560349
11453242,-0.6392518281936646,-11.410765647888184,-0.06464344263076782
11433382,-0.9911994934082031,-11.338939666748047,0.7326257228851318
11413072,-1.2449848651885986,-11.010933876037598,2.322375535964966
11393070,-0.011971008032560349,-10.158597946166992,2.27209734916687
11373065,1.194706678390503,-9.852140426635742,1.5634137392044067
11353352,0.043095629662275314,-8.250418663024902,0.6009446382522583
11333356,-0.8643068075180054,-8.24084186553955,-0.10534487664699554
11313356,-0.7541735172271729,-8.655038833618164,-0.37828385829925537
11293550,0.5482721924781799,-8.638279914855957,-0.5363011956214905
11273356,1.3862427473068237,-8.398859977722168,-1.5418659448623657
11253357,1.3215993642807007,-8.78432559967041,-1.1516109704971313
11233071,-0.49559974670410156,-9.548076629638672,0.7350199222564697
11213362,-4.264073371887207,-9.62947940826416,0.4118026793003082
11193176,-4.572925090789795,-11.367670059204102,-0.4668693244457245
11173227,0.5578489899635315,-11.66455078125,0.3734954595565796
11153360,4.347870349884033,-9.107542991638184,-1.5107412338256836
11133554,4.050989151000977,-6.766014099121094,-4.019864559173584
11113375,2.9975404739379883,-6.701370716094971,-2.233790159225464
11093323,-0.11971008777618408,-9.222464561462402,0.8020575642585754
11073283,-4.874594688415527,-13.97256088256836,6.232107162475586
11053384,-3.576937437057495,-18.70589828491211,3.825934410095215
11033378,-1.9512743949890137,-15.368380546569824,-5.547365188598633
11013146,0.37828385829925537,-8.87051773071289,-7.781155586242676
10995861,2.367865562438965,-4.651933670043945,-4.314351558685303
10973359,1.889025092124939,-0.9888052940368652,-4.402936935424805
10953362,0.043095629662275314,-0.507570743560791,-6.777985095977783
10933372,1.015141487121582,-15.782577514648438,5.298368453979492
10913306,9.514557838439941,-19.613300323486328,-2.3104045391082764
10893409,4.467580318450928,-10.196905136108398,5.410895824432373
10873360,0.3663128614425659,-6.315904140472412,6.09324312210083
10853372,0.08858546614646912,-7.161057472229004,6.730101108551025
10833388,-0.44771572947502136,-10.050858497619629,8.643068313598633
10813069,-3.488351821899414,-16.424222946166992,11.520898818969727
10793057,0.24181437492370605,-14.535198211669922,12.215216636657715
10773448,2.6408045291900635,-7.994239330291748,7.711723804473877
10753053,2.978386878967285,-4.395754337310791,3.1699230670928955
10733129,2.719813108444214,-3.339911460876465,0.7852981686592102
10713057,2.0254945755004883,-3.6152446269989014,-0.5554547905921936
10693109,1.3910311460494995,-4.338293552398682,-1.0199298858642578
10673374,1.2282254695892334,-4.994304656982422,-0.8786720037460327
10653377,1.5131354331970215,-5.760449409484863,-0.6177040338516235
10633059,1.0989385843276978,-6.957550048828125,-0.8762778043746948
10613084,0.043095629662275314,-8.394071578979492,-0.3758896589279175
10593177,-0.9241618514060974,-9.368511199951172,-0.31603461503982544
10573174,-1.1492167711257935,-9.361329078674316,-0.2346317619085312
10553360,0.751779317855835,-9.399636268615723,1.644816517829895
10533362,0.40222588181495667,-9.193734169006348,-0.7733271718025208
10513355,0.06464344263076782,-9.208099365234375,-1.680729627609253
10493356,0.8619126081466675,-10.630255699157715,-1.41257905960083
10473385,1.6543933153152466,-12.591106414794922,-1.479616641998291
10453170,2.9951462745666504,-13.675680160522461,0.4141969084739685
10433248,5.87776517868042,-14.841656684875488,0.2059013396501541
10413526,9.330204010009766,-17.532739639282227,0.7757213711738586
10393178,8.592789649963379,-16.747440338134766,3.713406801223755
10373069,4.699818134307861,-10.90798282623291,3.2609026432037354
10248091,-2.427720546722412,-11.05402946472168,0.9145850539207458
10048166,-2.293645143508911,-9.3828763961792,-0.8092401623725891
9848243,-1.1324573755264282,-11.504138946533203,-7.072471618652344
9648295,-0.5291185975074768,-11.018115997314453,8.779537200927734
9448217,-0.15801730751991272,-7.556100368499756,-0.44532153010368347
9248292,5.307945251464844,-12.717999458312988,-0.5722141861915588
9048219,-1.920149803161621,-11.149797439575195,0.33997663855552673
8848299,0.2992752194404602,-7.6782050132751465,-1.8483237028121948
8648297,-2.4181437492370605,-10.730812072753906,2.3774423599243164
8448317,1.0103530883789063,-10.08198356628418,9.385271072387695
8248112,0.5099649429321289,-5.686229228973389,-0.9648633003234863
8046049,2.051830768585205,-12.648567199707031,-0.9409212470054626
8026037,3.6774938106536865,-13.256694793701172,0.40222588181495667
8006046,6.246472358703613,-15.265430450439453,0.28969839215278625
7985862,8.195352554321289,-17.87032127380371,0.6607996821403503
7965850,7.086836814880371,-15.476119995117188,4.685452938079834
7945837,3.689464807510376,-9.758766174316406,1.8914192914962769
7925747,-2.765302896499634,-11.21444034576416,-1.2114660739898682
7905750,-5.03021764755249,-11.868058204650879,0.6224924325942993
7886239,-2.4205379486083984,-14.544775009155273,-2.7102363109588623
7865740,0.1843535304069519,-15.516820907592773,1.1851298809051514
7845937,0.181959331035614,-10.936713218688965,1.414973258972168
7826048,-2.231395959854126,-10.125079154968262,0.2944868206977844
7805946,-2.0853497982025146,-10.867281913757324,1.534683346748352
7785749,-0.8906430602073669,-11.05642318725586,2.896984100341797
7765798,-0.43095630407333374,-9.907206535339355,2.7461493015289307
7746037,-1.580173134803772,-9.758766174316406,1.192312479019165
7726034,-2.918531894683838,-8.547300338745117,-0.5554547905921936
7706035,-1.0965443849563599,-7.948749542236328,0.2059013396501541
7686070,1.656787633895874,-7.757213592529297,0.22026655077934265
7666031,2.2864625453948975,-8.271966934204102,-1.623268723487854
7646039,-1.3862427473068237,-9.136273384094238,-1.4987702369689941
7626043,-5.066130638122559,-8.939949035644531,-2.1571757793426514
7605744,-3.797203779220581,-9.093177795410156,-1.482010841369629
7585751,2.2912509441375732,-10.110713958740234,2.676717519760132
7567279,5.995080947875977,-10.618284225463867,0.7757213711738586
7546036,5.659893035888672,-8.042123794555664,-4.616020679473877
7526211,1.2641384601593018,-7.113173484802246,-4.082113742828369
7506041,-2.6647465229034424,-10.524910926818848,0.4884171485900879
7486035,-5.260061264038086,-16.627731323242188,3.3638534545898438
7466067,-4.716577529907227,-11.978191375732422,-1.699883222579956
7446044,-1.0342950820922852,-8.604761123657227,-8.257601737976074
7426036,0.9648633003234863,-9.758766174316406,-8.966285705566406
7405972,4.022258758544922,-8.580819129943848,-3.313575267791748
7385757,0.48602294921875,-5.521028995513916,-0.3232172429561615
7368597,-3.3063924312591553,-16.986860275268555,5.4659624099731445
7346062,15.064316749572754,-19.613300323486328,-9.035717010498047
7326036,4.697423934936523,-5.260061264038086,-1.9991583824157715
7306038,-1.7621324062347412,-4.194641590118408,5.889736175537109
7285908,-1.556231141090393,-6.521805286407471,7.374141216278076
7266032,-2.2457611560821533,-10.737994194030762,9.976638793945313
7245737,-2.6886885166168213,-15.490485191345215,13.096282958984375
7225992,1.1803414821624756,-11.106701850891113,10.474632263183594
7206051,2.4851813316345215,-6.665457725524902,10.093954086303711
7185746,2.22660756111145,-4.127603530883789,5.056553840637207
7165734,2.365471363067627,-3.0526070594787598,1.8291701078414917
7146035,2.2649147510528564,-3.1076738834381104,-0.6248866319656372
7126035,1.5083470344543457,-3.955221176147461,-1.6136919260025024
7106078,1.3766659498214722,-5.245696067810059,-1.4844050407409668
7085757,0.23702596127986908,-6.265625953674316,-0.8978256583213806
7065753,0.1843535304069519,-7.1706342697143555,-0.9193734526634216
7046060,-0.272938996553421,-8.073247909545898,-0.7781155705451965
7026041,0.2992752194404602,-9.205705642700195,0.3902548849582672
7006058,0.4620809257030487,-10.129867553710938,1.944091796875
6985748,-0.5482721924781799,-10.194510459899902,0.31124621629714966
6965748,0.4213795065879822,-10.187328338623047,-0.4165911078453064
6946038,1.534683346748352,-10.663774490356445,-0.933738648891449
6926061,2.049436569213867,-12.320562362670898,-0.5841852426528931
6905756,0.9433154463768005,-13.548787117004395,-2.0877439975738525
6886037,2.806004285812378,-13.400346755981445,-1.01753568649292
6866034,5.801150798797607,-14.5591402053833,0.035913024097681046
6845991,8.513781547546387,-17.532739639282227,1.5634137392044067
6825941,8.051700592041016,-14.355633735656738,5.2672438621521
6806045,2.920926094055176,-7.860164165496826,2.454056739807129
6785745,-0.828393816947937,-10.04846477508545,0.8882488012313843
6765735,-4.189853191375732,-12.270283699035645,1.1204863786697388
6746034,-4.546588897705078,-12.389993667602539,-1.259350061416626
6726037,-2.298433542251587,-14.508862495422363,-1.6112977266311646
6706040,-0.7038952708244324,-11.781867027282715,1.036689281463623
6686063,-0.7589619159698486,-10.405200958251953,0.5530605912208557
6666038,-1.192312479019165,-11.034875869750977,0.9672574996948242
6646100,-2.032677173614502,-10.922348022460938,1.7118542194366455
6626036,-2.5905263423919678,-9.68694019317627,2.250549554824829
6605744,-1.2856862545013428,-9.923966407775879,1.5658079385757446
6585746,-0.26336219906806946,-9.832986831665039,0.12928688526153564
6566421,-0.3423708379268646,-8.592789649963379,-1.015141487121582
6546037,-1.048660397529602,-8.109161376953125,-0.9648633003234863
6526035,-1.1013327836990356,-8.075642585754395,-0.9840168952941895
6506043,0.14844051003456116,-8.396465301513672,-0.9169792532920837
6485881,1.6519991159439087,-9.100360870361328,0.7948749661445618
6465885,1.8171991109848022,-9.220070838928223,1.50355863571167
6445908,0.8140285611152649,-9.119514465332031,-1.0199298858642578
6426028,-1.1540051698684692,-9.533711433410645,-2.5474305152893066
6406034,-2.1523873805999756,-11.073183059692383,-2.3367409706115723
6386820,-2.410961151123047,-11.408370971679688,-0.17238251864910126
6365849,-0.6368576288223267,-9.588777542114258,0.33758243918418884
6347033,1.1635819673538208,-8.08282470703125,1.0582371950149536
6326031,2.5234885215759277,-8.195352554321289,1.7836803197860718
6305927,0.7948749661445618,-8.631096839904785,-0.002394201699644327
6286030,-4.347870349884033,-11.21444034576416,-0.45010992884635925
6266033,-5.880159378051758,-19.519926071166992,-0.07900865375995636
6246027,-3.529053211212158,-18.16241455078125,-3.3734302520751953
6226072,3.6822822093963623,-8.133103370666504,-2.1811177730560303
6206035,7.829039573669434,-2.52109432220459,2.3918075561523438
6186046,4.388571739196777,1.821987509727478,-6.179434776306152
6165737,3.220201253890991,-3.0119056701660156,-5.013458251953125
6146030,-1.455674648284912,-19.613300323486328,0.35434186458587646
6126028,0.9624691009521484,-19.18952751159668,15.186421394348145
6106034,-1.699883222579956,-12.42351245880127,12.167332649230957
6086033,-2.011129379272461,-13.872004508972168,11.314997673034668
6065750,2.1308395862579346,-9.579200744628906,9.6989107131958
6046054,3.1699230670928955,-5.722142219543457,9.634267807006836
6026037,2.6360161304473877,-3.734954595565796,5.008669853210449
6005919,2.0590133666992188,-2.5689783096313477,1.1683704853057861
5985929,1.6879122257232666,-2.449268341064453,-0.6727706789970398
5965745,1.0414776802062988,-2.7485435009002686,-0.8619126081466675
5946030,0.6631938815116882,-3.8139634132385254,-0.4165911078453064
5926064,0.8523358106613159,-5.25527286529541,-0.3232172429561615
5905728,0.629675030708313,-6.555324077606201,-0.7661445140838623
5886030,0.4908113479614258,-8.473079681396484,-0.9911994934082031
5865741,0.1388636976480484,-10.079588890075684,-1.039083480834961
5846031,0.1364694982767105,-10.529699325561523,-0.11252748221158981
5825898,0.26336219906806946,-9.979032516479492,-0.40940847992897034
5806047,-0.2753331959247589,-10.821791648864746,-2.782062292098999
5786021,0.06703764945268631,-12.088324546813965,-1.9800047874450684
5766308,1.5945383310317993,-14.046781539916992,0.42856210470199585
5746027,3.318363666534424,-14.863204002380371,0.31124621629714966
5726042,4.3622355461120605,-15.631742477416992,1.039083480834961
5706030,9.452308654785156,-18.389863967895508,-0.8643068075180054
5686054,10.187328338623047,-17.80328369140625,4.388571739196777
5666030,6.773196697235107,-11.745953559875488,4.23773717880249
5645954,-3.426102638244629,-9.864110946655273,-1.1348515748977661
5626028,-4.5394062995910645,-13.105859756469727,-3.450044631958008
5605746,-1.3335703611373901,-15.907075881958008,-2.432508945465088
5586049,1.37906014919281,-12.047622680664063,2.011129379272461
5569088,1.4700398445129395,-10.412383079528809,1.4413094520568848
5546036,-0.5482721924781799,-10.417171478271484,0.8978256583213806
5525747,-1.036689281463623,-10.469843864440918,0.011971008032560349
5506025,-1.7334020137786865,-10.759542465209961,0.31842881441116333
5486030,-2.3319525718688965,-10.067618370056152,1.173158884048462
5466187,-2.47560453414917,-9.840168952941895,1.9847931861877441
5446033,-2.0207061767578125,-9.205705642700195,0.9433154463768005
5426040,-1.0558429956436157,-9.68694019317627,0.05027823522686958
5405878,-0.6560112833976746,-8.56645393371582,0.08140286058187485
5385758,-1.3934253454208374,-8.494627952575684,-0.6991068720817566
5365743,-1.3862427473068237,-8.573636054992676,-1.7860745191574097
5346032,-1.0749965906143188,-8.456320762634277,0.38546648621559143
5326047,-3.3925838470458984,-8.348581314086914,0.9696516990661621
5306028,-5.56173038482666,-10.57040023803711,-2.410961151123047
5286029,-1.742978811264038,-12.246341705322266,-2.6431987285614014
5266057,3.222595453262329,-7.273584842681885,-2.786850690841675
5246028,3.974374771118164,-4.778826713562012,-3.8762125968933105
5226029,2.542642116546631,-6.629544734954834,-1.1180921792984009
5206067,-2.5043349266052246,-9.423578262329102,2.2409727573394775
5186052,-7.445967197418213,-16.704345703125,4.8051629066467285
5165737,-6.600813865661621,-19.613300323486328,0.9241618514060974
5146034,-1.7956513166427612,-14.384364128112793,-8.14028549194336
5125910,3.3854012489318848,-11.097125053405762,-7.400477409362793
5106031,5.066130638122559,-6.337451934814453,-5.748478412628174
5085732,2.1787235736846924,-0.10773907601833344,-6.150704383850098
5065745,-1.9584569931030273,-2.6240451335906982,-8.149862289428711
5046000,1.1659762859344482,-19.613300323486328,3.9887399673461914
5025752,8.856152534484863,-19.613300323486328,0.5386953949928284
5006044,8.485051155090332,-11.125855445861816,8.592789649963379
4985970,3.028665065765381,-6.909666061401367,7.898471355438232
4965743,0.9385270476341248,-9.502586364746094,7.766790390014648
4945976,-1.7381904125213623,-12.957419395446777,8.358158111572266
4926028,-1.577778935432434,-15.62216567993164,11.396400451660156
4906061,2.7724854946136475,-10.014945983886719,12.236764907836914
4886030,0.8786720037460327,-5.758055210113525,10.268731117248535
4865741,0.07900865375995636,-3.5889084339141846,2.9328970909118652
4845942,-0.5626373887062073,-3.1866824626922607,0.033518824726343155
4825943,-0.38307225704193115,-2.873042106628418,-1.2425906658172607
4806049,0.6368576288223267,-2.494758129119873,-1.0558429956436157
4785730,1.0007762908935547,-2.6886885166168213,-0.8643068075180054
4769168,0.6033388376235962,-2.698265314102173,-1.1444283723831177
4745731,-0.5434837937355042,-2.868253707885742,-1.0965443849563599
4726028,-1.6280571222305298,-4.821922302246094,-1.0319008827209473
4706034,-1.4844050407409668,-7.7763671875,-0.5578489899635315
4686030,0.9385270476341248,-9.227252960205078,-0.0071826050989329815
4666129,3.442862033843994,-11.889605522155762,2.27209734916687
4645731,0.2944868206977844,-13.690045356750488,0.37828385829925537
4463922,-4.299986362457275,-9.215282440185547,-2.80361008644104
4443926,-6.251260757446289,-14.97812557220459,-4.8267107009887695
4423966,-2.9879636764526367,-14.350845336914063,3.1100680828094482
4403844,-1.9057846069335938,-10.618284225463867,3.0166940689086914
4383669,-1.5682021379470825,-10.685321807861328,1.9057846069335938
4363623,-0.7469909191131592,-11.475408554077148,2.0039467811584473
4343618,-1.5131354331970215,-11.547234535217285,3.3279404640197754
4323916,-2.5234885215759277,-10.754754066467285,3.6367924213409424
4303921,-3.1651346683502197,-9.682151794433594,2.279279947280884
4283915,-3.028665065765381,-8.887276649475098,-1.1324573755264282
4263926,-1.7621324062347412,-9.006986618041992,-2.7006595134735107
4243938,-0.45489832758903503,-8.547300338745117,-3.117250680923462
4223913,1.9608511924743652,-7.115567684173584,-1.9105730056762695
4203619,2.765302896499634,-7.386112213134766,-1.8962076902389526
4183726,2.607285737991333,-9.162610054016113,0.4644751250743866
4163618,1.5298948287963867,-9.50737476348877,2.03507137298584
4143768,0.19393034279346466,-10.292673110961914,1.6304513216018677
4123634,0.9983820915222168,-11.252747535705566,0.24899697303771973
4103920,1.4508862495422363,-10.283096313476563,-0.8403648138046265
4083921,-0.021547814831137657,-8.24084186553955,-1.4724340438842773
4065298,-1.2042834758758545,-7.386112213134766,-1.0271124839782715
4043612,-5.39174222946167,-7.7643961906433105,-3.1531636714935303
4023913,-11.065999984741211,-15.516820907592773,-1.7477672100067139
4003967,-11.896788597106934,-19.613300323486328,-4.702212333679199
3983815,0.5506663918495178,-14.90869426727295,-2.03507137298584
3963876,11.037269592285156,-9.943120002746582,3.687070608139038
3943915,16.302120208740234,-7.287950038909912,5.085284233093262
3923626,11.18092155456543,-0.8092401623725891,-3.050212860107422
3903945,6.607996463775635,2.0207061767578125,-10.685321807861328
3883914,-4.76924991607666,-5.841852188110352,-10.958261489868164
3863919,-2.43011474609375,-19.613300323486328,5.154716491699219
3844760,0.031124621629714966,-19.613300323486328,5.434837818145752
3823917,1.6879122257232666,-13.608642578125,2.5067291259765625
3804057,0.12210428714752197,-10.105925559997559,3.5960910320281982
3783924,-4.110844135284424,-9.773131370544434,6.457161903381348
3763943,-5.832275390625,-12.897564888000488,9.306262016296387
3744508,-2.3989901542663574,-16.17761993408203,12.631808280944824
3723923,-0.20350714027881622,-11.777078628540039,5.506663799285889
3703920,3.004723072052002,-10.299856185913086,2.655169725418091
3683921,0.5793967843055725,-3.847482204437256,0.4908113479614258
3663924,0.545877993106842,-3.069366693496704,-1.1109095811843872
3644176,-0.8571242094039917,-4.8267107009887695,-0.871489405632019
3623922,0.42377370595932007,-6.270414352416992,-0.31364041566848755
3603906,2.868253707885742,-5.6191911697387695,1.3479355573654175
3583930,2.410961151123047,-6.289567947387695,-0.1628057211637497
3565462,0.363918662071228,-7.393294811248779,-3.3207578659057617
3543762,-0.646434485912323,-3.9624037742614746,1.1252747774124146
3523735,1.8962076902389526,-5.530605792999268,-0.33997663855552673
3503626,-11.60708999633789,-8.485051155090332,-16.014814376831055
3483728,-19.613300323486328,-19.613300323486328,-19.613300323486328
3463736,-0.8451532125473022,-8.35097599029541,-3.8163576126098633
3443730,-1.9081788063049316,-7.51779317855835,3.4763808250427246
3423733,1.1420341730117798,-11.082759857177734,9.478644371032715
3403732,0.363918662071228,-8.597578048706055,10.1753568649292
3383742,-1.01753568649292,-5.377377033233643,-10.333374977111816
3363652,3.19865345954895,-8.343792915344238,-3.907337188720703
3343746,0.8690952062606812,-7.144298076629639,6.912060260772705
3323649,-3.3470940589904785,-10.299856185913086,1.6184803247451782
3303791,-4.817133903503418,-13.572729110717773,0.6177040338516235
3283629,-5.5976433753967285,-9.14345645904541,0.689530074596405
3263743,-9.059659004211426,-8.020575523376465,-3.9480385780334473
3243746,-7.90086555480957,-8.69095230102539,-0.667982280254364
3223741,-6.404489517211914,-8.365341186523438,0.7661445140838623
3203742,-6.447585105895996,-8.274360656738281,-0.828393816947937
3183823,-6.797138690948486,-8.128314971923828,-1.699883222579956
3163637,-5.96874475479126,-6.878541469573975,-0.7493851184844971
3143645,-6.370970726013184,-6.48828649520874,0.21787235140800476
3123993,-6.090848922729492,-5.686229228973389,1.8483237028121948
3104393,-7.797914981842041,-6.514622688293457,0.7948749661445618
3083616,-10.429142951965332,-7.026981830596924,-1.5418659448623657
3063794,-9.612719535827637,-7.390900611877441,-2.250549554824829
3043741,-4.199429988861084,-6.476315498352051,-1.5658079385757446
3023916,-5.4659624099731445,-6.552929878234863,-1.6950948238372803
3003914,-5.137956619262695,-6.3949127197265625,-1.0414776802062988
2983843,-5.899312973022461,-6.081272125244141,-1.3527239561080933
2963880,-6.107608318328857,-5.592854976654053,-0.40701428055763245
2943916,-5.552153587341309,-6.327875137329102,-1.8148049116134644
2923921,-6.682217121124268,-6.574477672576904,-1.778891921043396
2903921,-8.324639320373535,-6.4595561027526855,-3.4308910369873047
2884099,-6.481103897094727,-5.403713226318359,-1.9847931861877441
2863920,-8.396465301513672,-5.07570743560791,-1.9536685943603516
2844894,-8.367734909057617,-5.9735331535339355,-0.40940847992897034
2823917,-8.887276649475098,-6.124367713928223,-3.0573954582214355
2803920,-6.92881965637207,-6.155492782592773,-2.0829553604125977
2783921,-6.624756336212158,-5.228936672210693,-1.2018892765045166
2763933,-6.624756336212158,-4.51067590713501,-0.42856210470199585
2743731,-7.797914981842041,-5.2672438621521,0.7709329724311829
2723924,-8.786720275878906,-6.7708024978637695,-0.13168109953403473
2703916,-9.411606788635254,-5.87776517868042,-0.5027823448181152
2684020,-8.360552787780762,-6.423643112182617,-4.0078935623168945
2663914,-5.985504150390625,-3.442862033843994,10.881647109985352
2643917,-8.40843677520752,-5.193023681640625,2.5929205417633057
2624577,-10.819397926330566,-5.413290023803711,-0.33997663855552673
2603918,-11.133037567138672,-5.185841083526611,3.5649664402008057
2583922,-6.53377628326416,-4.520252704620361,5.063736438751221
2563926,-3.1100680828094482,-3.706224203109741,11.489773750305176
2546600,-5.1116204261779785,-3.8091750144958496,11.405977249145508
2523915,-9.801861763000488,-2.47560453414917,6.327875137329102
2503736,-8.245630264282227,-5.683835029602051,0.7134721279144287
2483917,-9.830592155456543,-3.6391866207122803,0.6607996821403503
2463915,-10.503362655639648,-4.316745758056641,-1.3862427473068237
2443917,-9.509769439697266,-1.3742717504501343,2.9472622871398926
2423918,-4.261679172515869,-6.976703643798828,1.1659762859344482
2403922,-4.220977783203125,-2.698265314102173,1.98958158493042
2383615,-4.838681697845459,-5.669469833374023,4.244919776916504
2363922,-7.043741226196289,-4.28322696685791,2.233790159225464
2343634,-9.739612579345703,-4.745307922363281,3.464409828186035
2323920,-10.663774490356445,-3.7229835987091064,1.2880805730819702
2303912,-5.109226226806641,-5.518634796142578,1.1540051698684692
2283623,-2.5977089405059814,-6.48828649520874,2.7126305103302
2263919,-4.015076160430908,-6.169857978820801,6.129156112670898
2243925,-9.634267807006836,-5.8203043937683105,12.373234748840332
2223932,-17.13530158996582,-3.1459810733795166,14.00368595123291
2203855,-19.612701416015625,-0.689530074596405,13.814543724060059
2184013,-17.037139892578125,-3.8355112075805664,11.401188850402832
2163634,-12.627019882202148,-2.2840683460235596,8.487444877624512
2143926,-13.259089469909668,-1.381454348564148,10.517727851867676
2123925,-14.39872932434082,-0.4572925269603729,11.87763500213623
2103778,-15.758635520935059,-0.5602431893348694,11.863269805908203
2083633,-15.796942710876465,-1.6927006244659424,10.831368446350098
2063792,-16.39788818359375,-1.6950948238372803,6.979097843170166
2043633,-12.483367919921875,-3.5170822143554688,4.752490520477295
2023775,-8.700529098510742,-3.5218706130981445,8.044517517089844
2003757,-9.622296333312988,-2.169146776199341,12.507309913635254
1983794,-8.920795440673828,-2.4660277366638184,12.404358863830566
1963730,-6.643909931182861,-3.869029998779297,11.092336654663086
1943737,-5.849034786224365,-2.4803929328918457,0.038307227194309235
1923722,-3.3279404640197754,0.14604631066322327,3.3662476539611816
1903677,-2.4133553504943848,1.45806884765625,3.315969467163086
1883726,-1.745373010635376,3.2585084438323975,5.245696067810059
1863728,-1.8411411046981812,3.308786630630493,2.892195701599121
1843784,-3.3063924312591553,4.201824188232422,3.9600095748901367
1823727,-4.065354347229004,6.509834289550781,4.613626480102539
1803735,-4.537012100219727,6.074089527130127,6.01423454284668
1783729,-3.117250680923462,2.449268341064453,6.646304130554199
1763726,-2.0446481704711914,1.280897855758667,7.6997528076171875
1743743,-1.2737152576446533,1.4413094520568848,8.343792915344238
1723629,-1.53707754611969,3.294421434402466,9.481039047241211
1703636,-2.1284453868865967,3.268085241317749,5.623979568481445
1683637,-3.7493197917938232,1.8962076902389526,2.434903144836426
1663727,-2.006340980529785,2.1715409755706787,7.931990146636963
1643722,-1.1180921792984009,2.849100112915039,10.395624160766602
1623718,0.7110779285430908,2.6024973392486572,8.489839553833008
1603726,-1.094150185585022,4.642356872558594,7.362170219421387
1583735,-1.45806884765625,5.92325496673584,5.2911858558654785
1563627,-1.7717092037200928,6.435614109039307,5.602431774139404
1543633,-1.8124107122421265,5.987898349761963,5.822698593139648
1524964,-2.0590133666992188,5.966350555419922,5.485116004943848
1503653,-1.2665326595306396,5.315127849578857,5.276820659637451
1483639,-0.22026655077934265,4.015076160430908,6.497863292694092
1463614,0.48602294921875,2.8443117141723633,8.130708694458008
1443641,0.09576806426048279,2.7126305103302,9.564835548400879
1423614,0.05267243832349777,3.026270866394043,9.6989107131958
1403617,0.28969839215278625,3.5649664402008057,9.528923034667969
1383614,0.6009446382522583,3.976768970489502,8.02536392211914
1363618,1.403002142906189,4.699818134307861,8.887276649475098
1343627,1.8770540952682495,5.070919036865234,8.815450668334961
1323619,2.4420857429504395,5.305551052093506,8.559270858764648
1304717,3.2585084438323975,5.784391403198242,7.7763671875
1284134,3.9647979736328125,6.160281181335449,6.387730121612549
1265871,3.912125587463379,6.208165168762207,6.2392897605896
1243696,4.790797710418701,6.268020153045654,7.041347026824951
1224001,4.376600742340088,5.9304375648498535,7.053318023681641
1203688,4.390965938568115,5.781997203826904,7.139509677886963
1183942,4.156333923339844,5.8442463874816895,7.208941459655762
1163961,4.165910720825195,5.8203043937683105,7.091625213623047
1143906,4.084507942199707,5.588066577911377,6.885724067687988
1123949,3.9887399673461914,5.394136428833008,6.890512466430664
1103637,3.928884983062744,5.372588634490967,6.830657482147217
1085278,3.821146011352539,5.4252610206604,6.962338447570801
1064496,3.804386615753174,5.315127849578857,6.878541469573975
1043783,3.5745432376861572,5.384559631347656,6.983886241912842
999607,3.9025487899780273,4.771644115447998,6.7492547035217285
799634,3.2776620388031006,5.257667064666748,7.536946773529053
599646,3.5434184074401855,4.443638324737549,7.177816867828369
399615,2.9305028915405273,5.420472621917725,7.407660007476807
199602,4.003105163574219,6.366182327270508,6.861782073974609
0,3.780444383621216,5.6670756340026855,5.892130374908447
